-- INSERT INTO
INSERT INTO usuarios (
    primNombre, apellidoPaterno, apellidoMaterno,
    contrasena, telefono, estado, correo,
    fechaNacimiento, dni, fechaincorporacion, id_rol
) VALUES
  ('Pedro',    'Navarro',   'Salas',       'clave001',   '970111222', 'ACT', 'pedro.navarro@sodexo.com',   '1987-01-12', '22334455', '2023-04-05', 1),
  ('Lucía',    'Gómez',     'Paredes',     'clave002',   '970222333', 'ACT', 'lucia.gomez@sodexo.com',     '1990-03-08', '33445566', '2023-04-06', 2),
  ('Jorge',    'Rojas',     'Cáceres',     'clave003',   '970333444', 'INA', 'jorge.rojas@sodexo.com',     '1985-05-21', '44556677', '2023-04-07', 3),
  ('Mariana',  'Castillo',  'Vargas',      'clave004',   '970444555', 'ACT', 'mariana.castillo@sodexo.com', '1992-07-14', '55667788', '2023-04-08', 4),
  ('Andrés',   'Fuentes',   'Luna',        'clave005',   '970555666', 'SUS', 'andres.fuentes@sodexo.com',   '1989-09-30', '66778899', '2023-04-09', 5),
  ('Valentina','Pérez',     'Díaz',        'clave006',   '970666777', 'ACT', 'valentina.perez@sodexo.com', '1993-11-22', '77889900', '2023-04-10', 1),
  ('Diego',    'Muñoz',     'Torres',      'clave007',   '970777888', 'ACT', 'diego.munoz@sodexo.com',     '1986-02-17', '88990011', '2023-04-11', 2),
  ('Patricia', 'Salinas',   'Reyes',       'clave008',   '970888999', 'INA', 'patricia.salinas@sodexo.com','1991-06-05', '99001122', '2023-04-12', 3),
  ('Ricardo',  'Solís',     'Marín',       'clave009',   '970999000', 'ACT', 'ricardo.solis@sodexo.com',   '1988-12-03', '10111213', '2023-04-13', 4),
  ('Camila',   'Ortiz',     'Suárez',      'clave010',   '971000111', 'ACT', 'camila.ortiz@sodexo.com',    '1994-08-19', '12131415', '2023-04-14', 5),
  ('Fernando', 'Gutiérrez', 'Cruz',        'clave011',   '971111222', 'SUS', 'fernando.gutierrez@sodexo.com','1987-10-27','13141516','2023-04-15', 1),
  ('Ximena',   'Bravo',     'Paredes',     'clave012',   '971222333', 'ACT', 'ximena.bravo@sodexo.com',     '1992-04-12', '14151617', '2023-04-16', 2),
  ('Julián',   'Rico',      'Miranda',     'clave013',   '971333444', 'ACT', 'julian.rico@sodexo.com',      '1989-01-09', '15161718', '2023-04-17', 3),
  ('Adriana',  'Ruiz',      'Vega',        'clave014',   '971444555', 'INA', 'adriana.ruiz@sodexo.com',     '1993-03-23', '16171819', '2023-04-18', 4),
  ('Santiago', 'Bravo',     'Castro',      'clave015',   '971555666', 'ACT', 'santiago.bravo@sodexo.com',   '1986-07-06', '17181920', '2023-04-19', 5),
  ('Daniela',  'Noriega',   'Ríos',        'clave016',   '971666777', 'ACT', 'daniela.noriega@sodexo.com',  '1990-09-11', '18192021', '2023-04-20', 1),
  ('Miguel',   'Espinoza',  'Silva',       'clave017',   '971777888', 'SUS', 'miguel.espinoza@sodexo.com',  '1988-11-30', '19202122', '2023-04-21', 2),
  ('Natalia',  'Paz',       'Caballero',   'clave018',   '971888999', 'ACT', 'natalia.paz@sodexo.com',     '1992-02-15', '20212223', '2023-04-22', 3),
  ('Andrés',   'Molina',    'Peña',        'clave019',   '971999000', 'ACT', 'andres.molina@sodexo.com',    '1987-05-04', '21222324', '2023-04-23', 4),
  ('Bianca',   'Juárez',    'Campos',      'clave020',   '972000111', 'ACT', 'bianca.juarez@sodexo.com',    '1994-10-28', '22232425', '2023-04-24', 5),
  ('Alberto',  'Vega',      'López',       'clave021',   '972111222', 'INA', 'alberto.vega@sodexo.com',     '1985-12-17', '23242526', '2023-04-25', 1),
  ('Gabriela', 'Campos',    'Ramírez',     'clave022',   '972222333', 'ACT', 'gabriela.campos@sodexo.com',  '1991-08-08', '24252627', '2023-04-26', 2),
  ('Héctor',   'Saldaña',   'García',      'clave023',   '972333444', 'ACT', 'hector.saldana@sodexo.com',   '1989-04-22', '25262728', '2023-04-27', 3),
  ('Karina',   'Flores',    'Rojas',       'clave024',   '972444555', 'SUS', 'karina.flores@sodexo.com',    '1993-07-29', '26272829', '2023-04-28', 4),
  ('Luis',     'Torres',    'Vega',        'clave025',   '972555666', 'ACT', 'luis.torres2@sodexo.com',     '1987-03-18', '27282930', '2023-04-29', 5),
  ('Marisol',  'Cárdenas',  'Martínez',    'clave026',   '972666777', 'ACT', 'marisol.cardenas@sodexo.com', '1992-11-11', '28293031', '2023-04-30', 1),
  ('Óscar',    'Hernández', 'Palacios',    'clave027',   '972777888', 'INA', 'oscar.hernandez@sodexo.com',  '1988-06-06', '29303132', '2023-05-01', 2),
  ('Paola',    'Mendoza',   'Juárez',      'clave028',   '972888999', 'ACT', 'paola.mendoza@sodexo.com',    '1990-12-05', '30313233', '2023-05-02', 3),
  ('Raúl',     'Soto',      'Villarreal',  'clave029',   '972999000', 'SUS', 'raul.soto@sodexo.com',        '1986-02-14', '31323334', '2023-05-03', 4),
  ('Silvia',   'Ponce',     'Quispe',      'clave030',   '973000111', 'ACT', 'silvia.ponce@sodexo.com',     '1993-09-19', '32333435', '2023-05-04', 5),
  ('Tomás',    'Alvarado',  'Navarro',     'clave031',   '973111222', 'ACT', 'tomas.alvarado@sodexo.com',   '1989-01-27', '33343536', '2023-05-05', 1),
  ('Úrsula',   'Reyes',     'Gutiérrez',   'clave032',   '973222333', 'INA', 'ursula.reyes@sodexo.com',     '1991-04-04', '34353637', '2023-05-06', 2),
  ('Víctor',   'Salinas',   'Cruz',        'clave033',   '973333444', 'ACT', 'victor.salinas@sodexo.com',   '1987-10-13', '35363738', '2023-05-07', 3),
  ('Wendy',    'Márquez',   'Salas',       'clave034',   '973444555', 'ACT', 'wendy.marquez@sodexo.com',    '1992-08-02', '36373839', '2023-05-08', 4),
  ('Xavier',   'Pérez',     'Luna',        'clave035',   '973555666', 'SUS', 'xavier.perez@sodexo.com',     '1988-12-29', '37383940', '2023-05-09', 5),
  ('Yolanda',  'Silva',     'Mora',        'clave036',   '973666777', 'ACT', 'yolanda.silva@sodexo.com',    '1990-06-17', '38394041', '2023-05-10', 1),
  ('Zacarías', 'Saldivia',  'Paz',         'clave037',   '973777888', 'ACT', 'zacarias.saldivia@sodexo.com','1986-11-08','39404142','2023-05-11', 2),
  ('Ágata',    'Rojas',     'Campos',      'clave038',   '973888999', 'INA', 'agata.rojas@sodexo.com',      '1993-03-12', '40414243', '2023-05-12', 3),
  ('Érick',    'Valencia',  'Fuentes',     'clave039',   '973999000', 'ACT', 'erick.valencia@sodexo.com',   '1989-05-25', '41424344', '2023-05-13', 4),
  ('Óliver',   'Molina',    'Córdoba',     'clave040',   '974000111', 'SUS', 'oliver.molina@sodexo.com',    '1991-09-23', '42434445', '2023-05-14', 5),
  ('Única',    'Ramos',     'Rosales',     'clave041',   '974111222', 'ACT', 'unica.ramos@sodexo.com',      '1992-12-30', '43444546', '2023-05-15', 1),
  ('Bruno',   'Salazar',   'Navarro',  'clave051', '974222111', 'ACT', 'bruno.salazar@sodexo.com',  '1990-02-14', '45464748', '2023-06-01', 6),
  ('Bianca',  'Ortiz',     'Mendoza',  'clave052', '974333222', 'INA', 'bianca.ortiz@sodexo.com',    '1991-05-22', '46474849', '2023-06-02', 6),
  ('Camilo',  'Pérez',     'López',    'clave053', '974444333', 'ACT', 'camilo.perez@sodexo.com',    '1988-08-30', '47484950', '2023-06-03', 6),
  ('Daniel',  'Ramos',     'Silva',    'clave054', '974555444', 'SUS', 'daniel.ramos@sodexo.com',    '1992-11-11', '48495051', '2023-06-04', 6),
  ('Elisa',   'Gutiérrez', 'Cruz',     'clave055', '974666555', 'ACT', 'elisa.gutierrez@sodexo.com', '1989-01-19', '49505152', '2023-06-05', 6),
  ('Fabián',  'Luna',      'Vega',     'clave056', '974777666', 'ACT', 'fabian.luna@sodexo.com',     '1993-03-07', '50515253', '2023-06-06', 6),
  ('Gisela',  'Mora',      'Fuentes',  'clave057', '974888777', 'INA', 'gisela.mora@sodexo.com',     '1990-06-15', '51525354', '2023-06-07', 6),
  ('Hugo',    'Salinas',   'Paz',      'clave058', '974999888', 'ACT', 'hugo.salinas@sodexo.com',    '1987-09-23', '52535455', '2023-06-08', 6),
  ('Ivana',   'Bravo',     'Campos',   'clave059', '975000999', 'ACT', 'ivana.bravo@sodexo.com',     '1991-12-01', '53545556', '2023-06-09', 6),
  ('Joaquín', 'Saldaña',   'Ríos',     'clave060', '975111000', 'SUS', 'joaquin.saldaña@sodexo.com', '1986-04-05', '54555657', '2023-06-10', 6);


INSERT INTO Induccion (titulo, descripcion, fechainicio, fechafinal, modalidad, estado, lugar) VALUES
  ('Inducción General HSE', 'Curso introductorio sobre políticas de seguridad.', '2024-01-05', '2024-01-05', 'PRE', 'ACT', 'Sala A'),
('Inducción Virtual SST', 'Inducción remota para nuevos ingresos.', '2024-01-10', '2024-01-10', 'VIR', 'FIN', 'Zoom'),
('Inducción de Medio Ambiente', 'Normas de manejo ambiental en planta.', '2024-01-15', '2024-01-15', 'PRE', 'ESP', 'Auditorio Verde'),
('Inducción COVID-19', 'Medidas preventivas y protocolos de salud.', '2024-01-20', '2024-01-20', 'VIR', 'ACT', 'Sistema Web'),
('Inducción Planta Producción', 'Seguridad en zonas de riesgo.', '2024-01-25', '2024-01-25', 'PRE', 'FIN', 'Planta A'),
('Inducción Supervisores', 'Enfoque en liderazgo en seguridad.', '2024-02-01', '2024-02-01', 'PRE', 'ESP', 'Sala B'),
('Inducción Taller Mecánico', 'Procedimientos y riesgos mecánicos.', '2024-02-05', '2024-02-05', 'PRE', 'ACT', 'Taller'),
('Inducción Uso de EPP', 'Uso correcto de equipos de protección personal.', '2024-02-10', '2024-02-10', 'PRE', 'ACT', 'Campo 1'),
('Inducción Trabajos en Altura', 'Seguridad en alturas y arneses.', '2024-02-15', '2024-02-15', 'PRE', 'ESP', 'Planta B'),
('Inducción Manipulación Químicos', 'Riesgos de sustancias peligrosas.', '2024-02-20', '2024-02-20', 'PRE', 'FIN', 'Laboratorio'),
('Inducción Eléctrica', 'Precauciones en instalaciones eléctricas.', '2024-03-01', '2024-03-01', 'PRE', 'ACT', 'Sala E'),
('Inducción de Oficina', 'Seguridad y ergonomía en oficina.', '2024-03-05', '2024-03-05', 'VIR', 'FIN', 'Sistema Web'),
('Inducción Inicial Contratistas', 'Lineamientos para personal externo.', '2024-03-10', '2024-03-10', 'PRE', 'ESP', 'Sala C'),
('Inducción Básica de Evacuación', 'Simulacros y rutas de evacuación.', '2024-03-15', '2024-03-15', 'PRE', 'ACT', 'Zona Común'),
('Inducción Tareas Críticas', 'Identificación de tareas de alto riesgo.', '2024-03-20', '2024-03-20', 'PRE', 'FIN', 'Sala B'),
('Inducción Nuevos Colaboradores', 'Bienvenida e integración.', '2024-03-25', '2024-03-25', 'PRE', 'ESP', 'Auditorio'),
('Inducción Protocolo SST', 'Protocolos oficiales de seguridad.', '2024-04-01', '2024-04-01', 'VIR', 'ACT', 'Sistema Web'),
('Inducción Equipos Pesados', 'Seguridad en uso de maquinaria.', '2024-04-05', '2024-04-05', 'PRE', 'ACT', 'Zona Técnica'),
('Inducción Campo Minado', 'Protocolos en áreas restringidas.', '2024-04-10', '2024-04-10', 'PRE', 'ESP', 'Área Especial'),
('Inducción Logística', 'Riesgos en transporte y almacén.', '2024-04-15', '2024-04-15', 'VIR', 'FIN', 'Sistema Web');

INSERT INTO EvaluacionInduccion (puntaje, resultado, id_Induccion) VALUES
(18, 'APR', 1),
(12, 'NAP', 2),
(15, 'APR', 3),
(8, 'NAP', 4),
(20, 'APR', 5),
(14, 'APR', 6),
(10, 'NAP', 7),
(11, 'NAP', 8),
(17, 'APR', 9),
(13, 'APR', 10),
(7, 'NAP', 11),
(19, 'APR', 12),
(9, 'NAP', 13),
(16, 'APR', 14),
(12, 'NAP', 15),
(20, 'APR', 16),
(6, 'NAP', 17),
(18, 'APR', 18),
(14, 'APR', 19),
(5, 'NAP', 20);

INSERT INTO ParticipanteInduccion (estado_eval, id_Usuario, id_Induccion, id_evalInduc) VALUES
  ('APR', 1, 1, 1),
('NAP', 2, 2, 2),
('APR', 3, 3, 3),
('NAP', 4, 4, 4),
('APR', 5, 5, 5),
('APR', 6, 6, 6),
('NAP', 7, 7, 7),
('NAP', 8, 8, 8),
('APR', 9, 9, 9),
('APR', 10, 10, 10),
('NAP', 11, 11, 11),
('APR', 12, 12, 12),
('NAP', 13, 13, 13),
('APR', 14, 14, 14),
('NAP', 15, 15, 15),
('APR', 16, 16, 16),
('NAP', 17, 17, 17),
('APR', 18, 18, 18),
('APR', 19, 19, 19),
('NAP', 20, 20, 20);

INSERT INTO MaterialInduccion (nombreArchivo, tipoArchivo, urlArchivo, id_Induccion) VALUES
  ('Presentación General HSE', 'DOC', 'https://ejemplo.com/hse1', 1),
('Video Inducción SST', 'VID', 'https://ejemplo.com/sst2', 2),
('Manual Medio Ambiente', 'DOC', 'https://ejemplo.com/medioamb3', 3),
('Instructivo COVID', 'DOC', 'https://ejemplo.com/covid4', 4),
('Procedimientos Planta', 'REG', 'https://ejemplo.com/planta5', 5),
('Liderazgo en SST', 'INF', 'https://ejemplo.com/liderazgo6', 6),
('Seguridad Mecánica', 'DOC', 'https://ejemplo.com/mecanico7', 7),
('Uso Correcto EPP', 'VID', 'https://ejemplo.com/epp8', 8),
('Trabajo en Altura', 'VID', 'https://ejemplo.com/altura9', 9),
('Manipulación Químicos', 'DOC', 'https://ejemplo.com/quimicos10', 10),
('Riesgo Eléctrico', 'VID', 'https://ejemplo.com/electrico11', 11),
('Guía Ergonomía Oficina', 'DOC', 'https://ejemplo.com/oficina12', 12),
('Lineamientos Contratistas', 'REG', 'https://ejemplo.com/externos13', 13),
('Plan de Evacuación', 'INF', 'https://ejemplo.com/evacuacion14', 14),
('Tareas Críticas SST', 'DOC', 'https://ejemplo.com/tareas15', 15),
('Bienvenida Nuevos', 'VID', 'https://ejemplo.com/nuevos16', 16),
('Protocolos SST PDF', 'DOC', 'https://ejemplo.com/protocolo17', 17),
('Equipos Pesados Video', 'VID', 'https://ejemplo.com/maquinaria18', 18),
('Zonas Restringidas', 'INF', 'https://ejemplo.com/restringido19', 19),
('Guía de Logística', 'DOC', 'https://ejemplo.com/logistica20', 20);

INSERT INTO PreguntasEvaluacion (enunciado, id_evaluacion) VALUES
  ('¿Qué es HSE?', 1),
('¿Qué medidas tomar frente a un derrame químico?', 2),
('¿Cuál es el uso correcto del casco de seguridad?', 3),
('¿Qué hacer en caso de incendio?', 4),
('¿Cuál es la norma básica de bioseguridad?', 5),
('¿Qué equipo se usa para trabajos en altura?', 6),
('¿Cómo actuar ante una emergencia eléctrica?', 7),
('¿Qué indica una señal de advertencia amarilla?', 8),
('¿Qué documento contiene los protocolos internos?', 9),
('¿Qué hacer si se detecta un gas tóxico?', 10),
('¿Qué tipo de extintor se usa para fuego eléctrico?', 11),
('¿Qué son las 5S en seguridad?', 12),
('¿Cuál es la ruta de evacuación?', 13),
('¿Qué es el EPP y por qué es importante?', 14),
('¿Cuántos tipos de riesgo existen en planta?', 15),
('¿Qué es una inducción preventiva?', 16),
('¿Qué hacer ante una caída de altura?', 17),
('¿Quién lidera el comité de seguridad?', 18),
('¿Cuándo usar guantes dieléctricos?', 19),
('¿Cuál es el protocolo frente a sismo?', 20);

INSERT INTO PosiblesRespuestas (textoRespuesta, esCorrecta, id_pregunta) VALUES
  ('Higiene, Seguridad y Ecología', false, 1),
('Salud, Seguridad y Medio Ambiente', true, 1),

('Llamar al jefe inmediato', false, 2),
('Usar absorbente químico y EPP', true, 2),

('Colocarlo correctamente y ajustarlo', true, 3),
('Solo llevarlo en la mano por si acaso', false, 3),

('Salir corriendo sin avisar', false, 4),
('Activar la alarma y evacuar ordenadamente', true, 4),

('No usar mascarilla', false, 5),
('Lavarse las manos y usar EPP', true, 5),

('Arnés de seguridad', true, 6),
('Guantes de cocina', false, 6),

('Ignorar la situación', false, 7),
('Cortar el suministro y avisar', true, 7),

('Zona de evacuación', false, 8),
('Advertencia de peligro', true, 8),

('Cartilla de inducción', true, 9),
('El menú del comedor', false, 9),

('Encender el aire acondicionado', false, 10),
('Evacuar y activar alarma', true, 10),

('Extintor tipo A', false, 11),
('Extintor tipo C', true, 11),

('Una técnica de organización', true, 12),
('Nombre de una brigada', false, 12),

('Salir por donde se entró', false, 13),
('Seguir la ruta señalizada', true, 13),

('Conjunto de equipos de protección', true, 14),
('Una bebida energética', false, 14),

('Uno solo', false, 15),
('Varios: físicos, químicos, biológicos...', true, 15),

('Inducción que se da tras accidentes', false, 16),
('Inducción dada antes del inicio de labores', true, 16),

('Revisar lesiones y pedir ayuda', true, 17),
('Esconderse hasta recuperarse', false, 17),

('Jefe de seguridad industrial', true, 18),
('El último que llega', false, 18),

('Cuando se cocina', false, 19),
('Cuando se trabaja con electricidad', true, 19),

('Quedarse en el lugar', false, 20),
('Evacuar y reunirse en punto seguro', true, 20);

INSERT INTO RespuestasUsuarios (seleccionTexto, id_participante, id_pregunta, id_respuesta) VALUES
  ('Salud, Seguridad y Medio Ambiente', 1, 1, 2),
('Usar absorbente químico y EPP', 2, 2, 4),
('Colocarlo correctamente y ajustarlo', 3, 3, 5),
('Activar la alarma y evacuar ordenadamente', 4, 4, 8),
('Lavarse las manos y usar EPP', 5, 5, 10),
('Arnés de seguridad', 6, 6, 11),
('Cortar el suministro y avisar', 7, 7, 14),
('Advertencia de peligro', 8, 8, 15),
('Cartilla de inducción', 9, 9, 17),
('Evacuar y activar alarma', 10, 10, 20),
('Extintor tipo C', 11, 11, 22),
('Una técnica de organización', 12, 12, 23),
('Seguir la ruta señalizada', 13, 13, 26),
('Conjunto de equipos de protección', 14, 14, 27),
('Varios: físicos, químicos, biológicos...', 15, 15, 30),
('Inducción dada antes del inicio de labores', 16, 16, 32),
('Revisar lesiones y pedir ayuda', 17, 17, 33),
('Jefe de seguridad industrial', 18, 18, 36),
('Cuando se trabaja con electricidad', 19, 19, 37),
('Evacuar y reunirse en punto seguro', 20, 20, 40);

INSERT INTO MaquinariasHerramientas (nombre, estado, descripcion) VALUES
  ('Excavadora CAT 390',               'OPE', 'Excavadora oruga 390 para carga de material'),
  ('Perforadora Atlas Copco DM45',      'OPE', 'Perforadora de fondo de pozo para voladuras'),
  ('Cargador Frontal Komatsu WA900',    'INO', 'Cargador frontal para acarreo de estéril'),
  ('Camión Minero Caterpillar 793F',    'OPE', 'Camión de acarreo de alta capacidad'),
  ('Bulldozer Komatsu D275A',           'OPE', 'Bulldozer para movimiento de tierras'),
  ('Camión Articulado Volvo A40G',      'INO', 'Camión para terrenos irregulares'),
  ('Pala Hidráulica Hitachi EX8000',    'OPE', 'Pala de rueda para extracción de mineral'),
  ('Chancadora Primaria Gyratory HPGR', 'OPE', 'Trituradora primaria de rocas'),
  ('Chancadora Secundaria Metso HP5',   'INO', 'Chancadora de cono para triturado fino'),
  ('Cinta Transportadora 1200mm',       'OPE', 'Transporte de mineral molido'),
  ('Bomba de Lodos Warman AH',          'OPE', 'Bomba centrífuga para pulpas'),
  ('Ventilador de Galerías Axial',      'OPE', 'Ventilación subterránea'),
  ('Generador Diésel Cummins 1MW',      'INO', 'Fuente de energía auxiliar'),
  ('Compresor de Aire Atlas Copco GA90', 'OPE', 'Suministro de aire neumático'),
  ('Grúa Torre Liebherr 120 EC',        'OPE', 'Montaje de estructuras en altura'),
  ('Filtro de Polvo Baghouses',         'INO', 'Control de emisiones de polvo'),
  ('Equipo de Análisis XRF Móvil',      'OPE', 'Analizador de leyes de mineral'),
  ('Planta de Flotación Móvil',         'OPE', 'Flotación de minerales en campo'),
  ('Cinta Transportadora 800mm',        'OPE', 'Transporte secundario de mineral'),
  ('Bomba Sumergible Goulds 3196',      'INO', 'Desagüe de galerías');

INSERT INTO Cronogramas (mes, anio) VALUES
  (1,2024),(2,2024),(3,2024),(4,2024),(5,2024),(6,2024),
  (7,2024),(8,2024),(9,2024),(10,2024),(11,2024),(12,2024),
  (1,2025),(2,2025),(3,2025),(4,2025),(5,2025),(6,2025),(7,2025),(8,2025);

INSERT INTO FechaInspecciones (idCronograma, idMaquinariaHerramienta, estado, dia) VALUES
  ( 5,  1, 'ASI', 3),
  ( 5,  2, 'PEN', NULL),
  ( 5,  3, 'REA', 1),
  ( 5,  4, 'ASI', 2),
  ( 5,  5, 'PEN', NULL),
  ( 5,  6, 'REA', 1),
  ( 5,  7, 'ASI', 2),
  ( 5,  8, 'PEN', NULL),
  ( 5,  9, 'REA', 1),
  ( 5, 10, 'ASI', 3),
  ( 5, 11, 'PEN', NULL),
  ( 5, 12, 'REA', 1),
  ( 5, 13, 'ASI', 2),
  ( 5, 14, 'PEN', NULL),
  ( 5, 15, 'REA', 1),
  ( 5, 16, 'ASI', 3),
  ( 5, 17, 'PEN', NULL),
  ( 5, 18, 'REA', 1),
  ( 5, 19, 'ASI', 2),
  ( 5, 20, 'PEN', NULL);

INSERT INTO InspeccionesProgramadas (idFechaInspeccion, idUsuario, hallazgos, descripcion, fecha) VALUES
  ( 1,  1, FALSE, 'Correa desgastada en cargador frontal.',  '2024-02-15 10:00'),
  ( 2,  1, TRUE,  'Correa desgastada en cargador frontal.',   '2024-02-15 10:00'),
  ( 3,  1, FALSE, 'Operación normal de chancadora.',         '2024-03-12 15:00'),
  ( 4,  1, TRUE,  'Fuga de aceite en camión 793F.',         '2024-04-05 10:00'),
  ( 5,  1, FALSE, 'Panel de control funcionando correctamente.', '2024-05-20 09:00'),
  ( 6,  3, TRUE,  'Filtro de polvo saturado.',               '2024-06-20 16:30'),
  ( 7,  3, FALSE, 'Cadenas de dozer bien tensadas.',        '2024-07-08 08:15'),
  ( 8,  3, TRUE,  'Luz de ventilador fuera de servicio.',   '2024-08-12 11:00'),
  ( 9,  3, FALSE, 'Sistema de pulpa estable.',              '2024-09-15 13:30'),
  (10,  3, TRUE,  'Vibraciones excesivas en bomba de lodos.', '2024-10-22 10:50'),
  (11,  3, FALSE, 'Compresor sin sobrecalentamiento.',      '2024-11-30 14:00'),
  (12,  3, TRUE,  'Radiador de generador obstruido.',       '2024-12-01 12:10'),
  (13,  3, FALSE, 'Frenos de grúa en buen estado.',         '2025-01-18 09:00'),
  (14,  3, TRUE,  'Pequeñas grietas detectadas en equipo XRF.', '2025-02-05 14:30'),
  (15,  3, FALSE, 'Cinta transportadora alineada.',         '2025-03-03 15:45'),
  (16,  3, TRUE,  'Correa de flotación desgastada.',        '2025-04-10 09:30'),
  (17,  5, FALSE, 'Nivel de agua estable en sumidero.',     '2025-05-01 08:20'),
  (18,  5, TRUE,  'Sensor de nivel fuera de calibración.',  '2025-06-25 14:30'),
  (19,  5, FALSE, 'Alarma sonora funcionando.',             '2025-07-12 07:45'),
  (20,  5, TRUE,  'Motor sumergible con bajo rendimiento.', '2025-08-05 10:15');

INSERT INTO DecisionesAccionCorrectiva (idInspeccion, idVerificacion, estado, decision, descripcion, fecha) VALUES
  ( 1,  NULL, 'REA', 'REP', 'Programar remediación de fuga hidráulica',  '2024-01-11 09:00'),
  ( 2,  NULL, 'REA', 'REP', 'Remplazar correa por otra mas resistente',         '2024-02-16 11:00'),
  ( 3,  NULL, 'REA', 'REP', 'Reparación de fuga de agua',            '2024-04-06 12:00'),
  ( 4,  NULL, 'REA', 'REP', 'Cambiar Filtro de polvo ',               '2024-06-21 17:00'),
  ( 5,  NULL, 'REA', 'REP', 'Remplazar LED de ventilador',          '2024-08-13 11:30'),
  (6, NULL, 'REA', 'REM', 'Remplazar cinta por una nueva',           '2024-10-23 11:00'),
  (7, NULL, 'REA', 'REP', 'Realizar limpieza de radiador',          '2024-12-06 12:30'),
  (8, NULL, 'REA', 'REP', 'Aplicar sellado de grietas',             '2025-02-06 14:30'),
  (9, NULL, 'REA', 'REP', 'Remplazar correa de flotación ',         '2025-04-11 09:45'),
  (10, NULL, 'REA', 'REP', 'Recalibrar sensor ',                     '2025-06-26 15:00');

INSERT INTO VerificacionesAccionCorrectiva (idDecisionAccionCorrectiva, idUsuario, hallazgos, descripcion, fecha) VALUES
  ( 1, 1, TRUE,  'Fuga hidráulica persistente.',             '2024-01-15 09:00'),
  ( 2, 1, FALSE,  'Correa en óptimas condiciones.',           '2024-02-20 10:30'),
  ( 3, 1, FALSE,  'Fuga completamente cerrada.',             '2024-04-10 11:00'),
  ( 4, 1, FALSE, 'Filtro instalado sin problemas.',          '2024-06-22 17:00'),
  ( 5, 1, FALSE,  'LED funcionando tras cambio.',            '2024-08-08 11:30'),
  ( 6, 5, FALSE,  'Bomba sin vibraciones anormales.',        '2024-10-30 10:45'),
  ( 7, 5, FALSE,  'Radiador desobstruido.',                  '2024-12-05 12:20'),
  ( 8, 5, FALSE,  'Grietas selladas de manera satisfactoria.', '2025-02-10 14:00'),
  ( 9, 5, FALSE,  'Correa de flotación en buenas condiciones.', '2025-04-15 09:45'),
  (10, 5, FALSE,  'Sensor alineado tras recalibración.',      '2025-06-30 14:20');

INSERT INTO EvidenciasInspecciones (video, foto, idInspeccion, idVerificacion) VALUES
  ('https://mineraejemplo.com/videos/excavadora01.mp4', 'https://mineraejemplo.com/images/excavadora01.jpg',  1,  NULL),
  ('https://mineraejemplo.com/videos/perforadora02.mp4','https://mineraejemplo.com/images/perforadora02.jpg', 2,  NULL),
  ('https://mineraejemplo.com/videos/chancadora03.mp4',  'https://mineraejemplo.com/images/chancadora03.jpg',   3,  NULL),
  ('https://mineraejemplo.com/videos/fuga04.mp4',        'https://mineraejemplo.com/images/fuga04.jpg',        4,  NULL),
  ('https://mineraejemplo.com/videos/panel05.mp4',       'https://mineraejemplo.com/images/panel05.jpg',       5,  NULL),
  ('https://mineraejemplo.com/videos/filtro06.mp4',      'https://mineraejemplo.com/images/filtro06.jpg',      6,  NULL),
  ('https://mineraejemplo.com/videos/cadenas07.mp4',     'https://mineraejemplo.com/images/cadenas07.jpg',     7,  NULL),
  ('https://mineraejemplo.com/videos/led08.mp4',         'https://mineraejemplo.com/images/led08.jpg',         8,  NULL),
  ('https://mineraejemplo.com/videos/pulpa09.mp4',       'https://mineraejemplo.com/images/pulpa09.jpg',       9,  NULL),
  ('https://mineraejemplo.com/videos/bomba10.mp4',       'https://mineraejemplo.com/images/bomba10.jpg',      10,  NULL),
  ('https://mineraejemplo.com/videos/verif01Excavadora.mp4',       'https://mineraejemplo.com/images/verif01Excavadora.jpg',     NULL,   1);

INSERT INTO rol (nombreRol, descripcion) VALUES
  ('Administrador', 'Rol con todos los permisos'),
  ('Gerente',       'Rol de gestión intermedia'),
  ('Trabajador',    'Rol con permisos básicos'),
  ('Inspector',     'Rol de inspección'),
  ('Supervisor',    'Rol de supervisión'),
   ('Rol1', 'Rol personalizado1');

INSERT INTO permiso (nombrePermiso, descripcion, tipoPermiso) VALUES
  ('Ver Lista Usuarios',        'Permite ver todos los usuarios',          'P001'),
  ('Registrar Usuarios',        'Permite crear nuevos usuarios',          'P002'),
  ('Editar Usuarios',           'Permite modificar datos de usuario',      'P003'),
  ('Eliminar Usuarios',         'Permite eliminar usuarios',               'P004'),
  ('Asignar Roles',             'Permite asignar roles a usuarios',        'P005'),
  ('Cambiar Estado Usuarios',   'Permite activar/desactivar usuarios',     'P006'),
  ('Editar Cronogramas',        'Permite editar cronogramas',              'P007'),
  ('Acceso a Reportes',         'Permite acceder a reportes',              'P008'),
  ('Crear Comunicados',         'Permite crear comunicados',               'P009'),
  ('Crear Informes',            'Permite generar informes',                'P010'),
  ('Definir Acciones Correctivas','Permite definir acciones correctivas',  'P011'),
  ('Validar A. Correctivas',    'Permite validar acciones correctivas',    'P012'),
  ('Ver Eventos',               'Permite ver eventos de HSE',              'P013'),
  ('Asignar Responsables',      'Permite asignar responsables',            'P014'),
  ('Validar Comunicados',       'Permite validar lectura de comunicados',  'P015'),
  ('Programar Inducciones',     'Permite programar inducciones HSE',       'P016'),
  ('Difundir Comunicado',       'Permite difundir comunicados HSE',        'P017'),
  ('Ver Confirmaciones',        'Permite ver confirmaciones de lectura',   'P018'),
  ('Editar Inducciones Programadas','Permite editar inducciones programadas','P019'),
  ('Programar Capacitaciones',  'Permite programar capacitaciones HSE',    'P020'),
  ('Generar Informes',          'Permite generar informes HSE',            'P021'),
  ('Editar Informes',           'Permite editar informes generados',       'P022'),
  ('Registro Evento',           'Permite registrar incidentes/accidentes','P023'),
  ('Subir Evidencias',          'Permite subir evidencias de eventos',     'P024'),
  ('Visualización Comunicados', 'Permite visualizar comunicados HSE',      'P025'),
  ('Confirmar Lectura Comunicados','Permite confirmar lectura de comunicados','P026'),
  ('Acceso a Inducciones',      'Permite acceder a inducciones asignadas', 'P027'),
  ('Consultar Informes Propios','Permite consultar informes propios',     'P028');


INSERT INTO rol_permiso (idRol, idPermiso) VALUES
  (1, 1),(1, 2),(1, 3),(1, 4),(1, 5),(1, 6),
  (2, 7),(2, 8),(2, 9),
  (3, 10),(3, 11),
  (4, 1),(4, 18),(4, 23),(4, 24),(4, 25),(4, 26),(4, 27),(4, 28),
  (5, 12),(5, 13),(5, 14),(5, 15),(5, 16),(5, 17),
  (6, 4),(6, 13),(6, 19),(6, 20),(6, 24);

INSERT INTO Comunicado (tituloComunicado, contenido, fechaComunicado, idUsuario, archivoAdjunto, estado, prioridad, tipoComunicado, subidoOneDrive) VALUES
  ('Política de Seguridad', 'Contenido sobre seguridad laboral.', '2024-04-01 08:00:00', 1, 'seguridad.pdf', 'ACT', 'ALT', 'POL', TRUE),
('Alerta por derrame', 'Se detectó un derrame químico.', '2024-04-02 09:00:00', 7, 'derrame.pdf', 'ACT', 'ALT', 'ALR', TRUE),
('Cambio de Protocolo', 'Nuevo protocolo en planta B.', '2024-04-03 10:00:00', 5, 'protocolo.docx', 'ACT', 'MED', 'CAM', FALSE),
('Informe Mensual', 'Informe de gestión HSE.', '2024-04-04 11:30:00', 1, 'informe.pdf', 'ACT', 'BAJ', 'INF', TRUE),
('Medidas de Seguridad', 'Actualización en normas.', '2024-04-05 13:00:00', 7, 'medidas.pdf', 'ACT', 'MED', 'SEG', TRUE),
('Salud Ocupacional', 'Recomendaciones médicas.', '2024-04-06 14:15:00', 5, 'salud.pdf', 'ACT', 'BAJ', 'SAL', FALSE),
('Mantenimiento Programado', 'Corte de energía.', '2024-04-07 15:45:00', 1, 'mantenimiento.docx', 'ACT', 'MED', 'MNT', TRUE),
('Capacitación EPP', 'Uso correcto del equipo.', '2024-04-08 08:45:00', 7, 'epp.pptx', 'ACT', 'ALT', 'CAP', TRUE),
('Comunicado General', 'Actualización semanal.', '2024-04-09 09:30:00', 5, 'general.pdf', 'ACT', 'BAJ', 'COM', FALSE),
('Urgencia por accidente', 'Emergencia zona 3.', '2024-04-10 10:00:00', 1, 'accidente.pdf', 'ACT', 'ALT', 'URG', TRUE),
('Investigación Interna', 'Reporte de incidente.', '2024-04-11 11:00:00', 7, 'investigacion.pdf', 'ACT', 'MED', 'INV', FALSE),
('Reciclaje', 'Nueva política ambiental.', '2024-04-12 12:00:00', 5, 'reciclaje.pdf', 'ACT', 'BAJ', 'REC', TRUE),
('Evacuación Simulada', 'Ejercicio programado.', '2024-04-13 13:00:00', 1, 'evacuacion.pdf', 'ACT', 'MED', 'EVT', TRUE),
('Instructivo COVID-19', 'Medidas preventivas.', '2024-04-14 14:00:00', 7, 'covid.pdf', 'ACT', 'ALT', 'INS', TRUE),
('Reporte HSE', 'Resultados del mes.', '2024-04-15 15:00:00', 5, 'reporte.pdf', 'ACT', 'BAJ', 'REP', FALSE);

INSERT INTO DifusionComunicado (idComunicado, idUsuario, idDestinatario, fechaEnvio) VALUES
  (1, 'U002', 3, '2024-04-01 08:30:00'),
(2, 'U004', 5, '2024-04-02 09:15:00'),
(3, 'U006', 8, '2024-04-03 10:30:00'),
(4, 'U009', 10, '2024-04-04 12:00:00'),
(5, 'U011', 12, '2024-04-05 13:30:00'),
(6, 'U013', 14, '2024-04-06 14:45:00'),
(7, 'U002', 6, '2024-04-07 15:15:00'),
(8, 'U004', 9, '2024-04-08 08:00:00'),
(9, 'U006', 11, '2024-04-09 09:00:00'),
(10, 'U009', 13, '2024-04-10 10:00:00'),
(11, 'U011', 15, '2024-04-11 11:30:00'),
(12, 'U013', 3, '2024-04-12 12:45:00'),
(13, 'U002', 4, '2024-04-13 13:30:00'),
(14, 'U004', 5, '2024-04-14 14:15:00'),
(15, 'U006', 7, '2024-04-15 15:00:00');

INSERT INTO ConfirmacionComunicado (idDifusion, idUsuario, fechaConfirmacion, estadoLectura, comprension) VALUES
  (1, 3, '2024-04-01 10:00:00', 'LEO', 'SI'),
(2, 5, '2024-04-02 10:30:00', 'LEO', 'SI'),
(3, 8, '2024-04-03 12:00:00', 'LEO', 'NO'),
(4, 10, '2024-04-04 13:15:00', 'LEO', 'SI'),
(5, 12, '2024-04-05 14:45:00', 'LEO', 'NO'),
(6, 14, '2024-04-06 15:30:00', 'LEO', 'SI'),
(7, 6, '2024-04-07 16:00:00', 'NLE', 'NO'),
(8, 9, '2024-04-08 09:00:00', 'LEO', 'SI'),
(9, 11, '2024-04-09 10:00:00', 'NLE', 'NO'),
(10, 13, '2024-04-10 11:15:00', 'LEO', 'SI'),
(11, 15, '2024-04-11 12:00:00', 'LEO', 'NO'),
(12, 3, '2024-04-12 13:00:00', 'LEO', 'SI'),
(13, 4, '2024-04-13 14:30:00', 'NLE', 'NO'),
(14, 5, '2024-04-14 15:15:00', 'LEO', 'SI'),
(15, 7, '2024-04-15 16:00:00', 'NLE', 'NO');

INSERT INTO EventoHSE (idEvento, tipoEvento, fechaEvento, descripcion, idUsuario, estado) VALUES
  ('EVT00001', 'ACC', '2025-04-20', 'Accidente en la planta de producción', 1, 'ABI'),
('EVT00002', 'INC', '2025-04-22', 'Incidente menor con un equipo eléctrico', 2, 'INV'),
('EVT00003', 'CAS', '2025-04-25', 'Casi-accidente en la zona de carga', 3, 'REA'),
('EVT00004', 'ACC', '2025-04-26', 'Accidente en el área de maquinaria', 4, 'INV'),
('EVT00005', 'INC', '2025-04-28', 'Fuga de gas detectada en el área C', 5, 'ABI');

INSERT INTO AccionCorrectiva (idAccion, idEvento, responsable, descripcionAccion, fechaCompromiso, estado) VALUES
  ('ACC00001', 'EVT00001', 'Juan Pérez', 'Revisión de protocolos de seguridad y medidas preventivas', '2025-05-10', 'PEN'),
('ACC00002', 'EVT00002', 'Carlos García', 'Reemplazo de equipo eléctrico defectuoso', '2025-05-15', 'PRO'),
('ACC00003', 'EVT00003', 'Laura Martínez', 'Reforzar las medidas de seguridad en la zona de carga', '2025-05-20', 'VER'),
('ACC00004', 'EVT00004', 'Pedro Sánchez', 'Revisión y mantenimiento de maquinaria', '2025-05-25', 'PEN'),
('ACC00005', 'EVT00005', 'María López', 'Inspección de equipos de seguridad y medidas de evacuación', '2025-06-01', 'PRO');

INSERT INTO VerificacionAccionesCorrectivas (idVerificacion, idDecisionAccionesCorrectivas, idUsuario, hallazgos, descripcion, fecha) VALUES
  ('VER00001', 'DEC00001', 1, TRUE, 'Acción correctiva implementada con éxito, pero necesita seguimiento', '2025-05-12'),
('VER00002', 'DEC00002', 2, FALSE, 'Acción correctiva implementada correctamente, sin observaciones', '2025-05-18'),
('VER00003', 'DEC00003', 3, TRUE, 'Acción correctiva parcialmente implementada, falta capacitación adicional', '2025-05-22'),
('VER00004', 'DEC00004', 4, FALSE, 'Acción correcta implementada, inspección finalizada', '2025-05-30'),
('VER00005', 'DEC00005', 5, TRUE, 'Acción correctiva implementada con éxito', '2025-06-05');

INSERT INTO DecisionAccionesCorrectivas (idDecisionAccionesCorrectivas, idInspeccion, idVerificacion, estado, decision, descripcion) VALUES
  ('DEC00001', 'INS00001', 'VER00001', 'PEN', 'REP', 'Reemplazo de equipo eléctrico y reparación de fugas'),
('DEC00002', 'INS00002', 'VER00002', 'PEN', 'REP', 'Reemplazo total del equipo defectuoso'),
('DEC00003', 'INS00003', 'VER00003', 'INV', 'REA', 'Reactivación de protocolos de seguridad en la zona de carga'),
('DEC00004', 'INS00004', 'VER00004', 'PEN', 'REP', 'Reparación de maquinaria en el área A'),
('DEC00005', 'INS00005', 'VER00005', 'PEN', 'REM', 'Mantenimiento preventivo en equipos de seguridad');

INSERT INTO ReporteIncidencia (idReporteIncidencia, tipoIncidencia, gravedadIncidencia) VALUES
  ('RPT00001', 'ACC', 'LE'),
('RPT00002', 'INC', 'MOD'),
('RPT00003', 'CAS', 'GRA'),
('RPT00004', 'ACC', 'MOD'),
('RPT00005', 'INC', 'LE'),
('RPT00006', 'ACC', 'MOD'),
('RPT00007', 'INC', 'LE'),
('RPT00008', 'CAS', 'GRA'),
('RPT00009', 'ACC', 'MOD'),
('RPT00010', 'INC', 'GRA');

INSERT INTO ArchivoReporte (idArchivoReporte, idReporte, nombreArchivo, formatoArchivo, ubicacionArchivo) VALUES
  ('ARC00001', 'RPT00001', 'Reporte_Accidente_2025.pdf', 'PDF', '/reportes/accidentes/Reporte_Accidente_2025.pdf'),
('ARC00002', 'RPT00002', 'Reporte_Incidente_2025.csv', 'CSV', '/reportes/incidentes/Reporte_Incidente_2025.csv'),
('ARC00003', 'RPT00003', 'Reporte_CasiAccidente_2025.docx', 'DOC', '/reportes/casi_accidente/Reporte_CasiAccidente_2025.docx'),
('ARC00004', 'RPT00004', 'Reporte_Accidente_2025.pdf', 'PDF', '/reportes/accidentes/Reporte_Accidente_2025.pdf'),
('ARC00005', 'RPT00005', 'Reporte_Evento_2025.xlsx', 'XLSX', '/reportes/eventos/Reporte_Accidente_2025.xlsx'),
('ARC00006', 'RPT00006', 'Reporte_Incidente_2025.pdf', 'PDF', '/reportes/incidentes/Reporte_Incidente_2025.pdf'),
('ARC00007', 'RPT00007', 'Reporte_CasiAccidente_2025.csv', 'CSV', '/reportes/casi_accidente/Reporte_CasiAccidente_2025.csv'),
('ARC00008', 'RPT00008', 'Reporte_Accidente_2025.xlsx', 'XLSX', '/reportes/accidentes/Reporte_Accidente_2025.xlsx'),
('ARC00009', 'RPT00009', 'Reporte_Evento_2025.docx', 'DOC', '/reportes/eventos/Reporte_Evento_2025.docx'),
('ARC00010', 'RPT00010', 'Reporte_Incidente_2025.pdf', 'PDF', '/reportes/incidentes/Reporte_Incidente_2025.pdf');

INSERT INTO Reporte (id_Reporte, tipo_Reporte, fecha_Generacion, id_Usuario, formato_Archivo, url_Archivo) VALUES
  (1, 'CAP', '2024-04-27', 1, 'PDF', '/reportes/capacitacion/rep001.pdf'),
(2, 'INC', '2024-04-26', 2, 'EXC', '/reportes/incidencias/rep002.xlsx'),
(3, 'INS', '2024-04-28', 3, 'EXC', '/reportes/inspecciones/rep003.xlsx'),
(4, 'CAP', '2024-04-25', 4, 'PDF', '/reportes/capacitacion/rep004.pdf'),
(5, 'INC', '2024-04-28', 5, 'EXC', '/reportes/incidencias/rep005.xlsx'),
(6, 'INS', '2024-04-29', 6, 'PDF', '/reportes/inspecciones/rep006.pdf'),
(7, 'CAP', '2024-04-30', 7, 'EXC', '/reportes/capacitacion/rep007.xlsx'),
(8, 'INC', '2024-04-29', 8, 'EXC', '/reportes/incidencias/rep008.xlsx'),
(9, 'INS', '2024-05-01', 9, 'EXC', '/reportes/inspecciones/rep009.xlsx'),
(10, 'CAP', '2024-05-02', 10, 'PDF', '/reportes/capacitacion/rep010.pdf'),
(11, 'CAP', '2024-05-03', 11, 'PDF', '/reportes/capacitacion/rep011.pdf'),
(12, 'INC', '2024-05-01', 12, 'EXC', '/reportes/incidencias/rep012.xlsx'),
(13, 'INS', '2024-05-02', 13, 'PDF', '/reportes/inspecciones/rep013.pdf'),
(14, 'CAP', '2024-05-04', 14, 'PDF', '/reportes/capacitacion/rep014.xlsx'),
(15, 'INC', '2024-05-03', 15, 'PDF', '/reportes/incidencias/rep015.pdf');

INSERT INTO Reporte_Capacitacion (id_Reporte_Capacitacion, tema_Capacitacion, numero_Participantes) VALUES
  (1, 'Inducción de Seguridad', 25),
(2, 'Manejo Defensivo', 15),
(3, 'Primeros Auxilios', 20),
(4, 'Riesgos Eléctricos', 18),
(5, 'Trabajo en Alturas', 12),
(6, 'Manejo Defensivo', 30),
(7, 'Primeros Auxilios', 23),
(8, 'Riesgos Eléctricos', 27),
(9, 'Inducción de Seguridad', 22),
(10, 'Trabajo en Alturas', 16),
(11, 'Inducción de Seguridad', 25),
(12, 'Riesgos Eléctricos', 24),
(13, 'Primeros Auxilios', 21),
(14, 'Manejo Defensivo', 25),
(15, 'Bloqueo y Etiquetado (LOTO)', 17);

INSERT INTO Reporte_Incidencia (id_Reporte_Incidencia , tipo_Incidencia, gravedad_Incidencia) VALUES
  (1, 'ACC', 'LEV'),
(2, 'CUA', 'MOD'),
(3, 'CON', 'LEV'),
(4, 'CON', 'MOD'),
(5, 'ACC', 'GRA'),
(6, 'CUA', 'MOD'),
(7, 'CUA', 'LEV'),
(8, 'ACC', 'LEV'),
(9, 'CON', 'MOD'),
(10, 'CUA', 'LEV'),
(11, 'CON', 'MOD'),
(12, 'ACC', 'LEV'),
(13, 'CON', 'GRA'),
(14, 'ACC', 'MOD'),
(15, 'CUA', 'MOD');

INSERT INTO Reporte_Inspeccion (id_Reporte_Inspeccion, area_Inspeccionada, cumplimiento_Normativa) VALUES
  (1, 'Almacén', TRUE),
(2, 'Lavanderia Industrial', FALSE),
(3, 'Cocina Central', TRUE),
(4, 'Area de Residuos solidos', FALSE),
(5, 'Planta de tratamiento de agua', FALSE),
(6, 'Cocina Central', TRUE),
(7, 'Area de Residuos solidos', TRUE),
(8, 'Lavanderia Industriall', TRUE),
(9, 'Cocina Central', FALSE),
(10, 'Planta de tratamiento de agua', FALSE),
(11, 'Area de Residuos solidos', TRUE),
(12, 'Lavanderia Industriall', TRUE),
(13, 'Cocina Central', TRUE),
(14, 'Almacen', TRUE),
(15, 'Area de Residuos solidos', FALSE);

INSERT INTO Programacion_Reporte (id_Programacion_Reporte, fecha_Generacion_Inicial, hora_Generacion_Inicial, frecuencia_Generacion, area_Trabajo, descripcion_Actividad, tipo_Reporte_Programado, nombre_Reporte_Generado, fecha_Proxima_Ejecucion, hora_Proxima_Ejecucion, id_Usuario) VALUES
  (1, '2024-05-01', '08:00:00', 'DIA', 'Lavanderia Industrial', 'Lavado y procesamiento de ropa industrial', 'INC', 'Derrame de Detergente', '2025-05-02', '08:00:00', 1),
(2, '2024-05-05', '10:00:00', 'MEN', 'Cocina Central', 'Preparación de alimentos a gran escala', 'CAP', ' Manipulación Higiénica ', '2025-06-05', '10:00:00', 2),
(3, '2024-05-15', '14:00:00', 'SEM', 'Almacen', 'Recepción, almacenaje y despacho de materiales.', 'INS', 'Equipos de Elevación', '2025-05-22', '14:00:00', 3),
(4, '2024-05-02', '15:30:00', 'DIA', 'Area de residuos solidos', 'Seguimiento diario de equipos', 'INS', 'Almacenamiento de Residuos ', '2025-05-03', '15:30:00', 4),
(5, '2024-05-07', '09:30:00', 'SEM', 'Planta de tratamiento de agua', 'Segregación y disposición de residuos.', 'INS', 'Estado de Bombas y Tuberías', '2025-05-14', '09:30:00', 5),
(6, '2024-05-20', '11:30:00', 'MEN', 'Area de residuos solidos', 'Segregación y disposición de residuos', 'CAP', 'Segregación de Residuos', '2025-06-20', '11:30:00', 6),
(7, '2024-05-03', '13:00:00', 'DIA', 'Lavanderia Industrial', 'Lavado y procesamiento de ropa industrial', 'INS', 'Atrapamiento en Calandra', '2025-05-04', '13:00:00', 7),
(8, '2024-05-09', '16:30:00', 'MEN', 'Almacen', 'Recepción, almacenaje y despacho de materiales', 'INC', 'Caída de Herramienta ', '2025-06-09', '16:30:00', 8),
(9, '2024-05-24', '08:30:00', 'SEM', 'Cocina Central', 'Preparación de alimentos a gran escala', 'INS', 'Quemadura por Horno ', '2025-05-31', '08:30:00', 9),
(10, '2024-05-23', '15:30:00', 'SEM', 'Planta de tratamiento de agua', 'Tratamiento de aguas residuales', 'INS', 'Dosificación de Químicos', '2025-05-30', '08:30:00', 9),
(11, '2024-05-11', '09:30:00', 'MEN', 'Area de residuos solidos', 'Segregación y disposición de residuos', 'INC', 'Olores por Residuos', '2025-06-11', '16:30:00', 8),
(12, '2024-05-19', '10:30:00', 'MEN', 'Almacen', 'Recepción, almacenaje y despacho de materiales', 'INC', 'Caída de Estiba', '2025-06-19', '14:30:00', 8),
(13, '2024-05-29', '11:30:00', 'SEM', 'Lavanderia Industrial', 'Lavado y procesamiento de ropa industrial', 'INC', 'Atrapamiento en Calandra', '2025-06-05', '17:30:00', 8),
(14, '2024-05-17', '15:30:00', 'DIA', 'Almacen', 'Recepción, almacenaje y despacho de materiales.', 'INC', 'Lesión por Levantamiento', '2025-05-18', '13:30:00', 8),
(15, '2024-05-16', '14:30:00', 'MEN', 'Cocina Central', 'Preparación de alimentos a gran escala.', 'INC', 'Ventilación de Cocina', '2025-06-16', '12:00:00', 8);

INSERT INTO Alerta_Programacion (id_Alerta , id_Programacion_Reporte_Ref, tipo_Alerta, fecha_Alerta, mensaje_Alerta) VALUES
  (1, 1, 'CONF', '2024-04-28 21:00:00', 'Programación de reporte 1 guardada.'),
(2, 2, 'REPO', '2024-04-11 08:00:00', 'Reporte generado para la programación 2.'),
(3, 3, 'ERRO', '2024-05-05 10:00:00', 'Error al generar el reporte para 3.'),
(4, 10, 'CONF', '2024-05-02 15:30:00', 'Programación de reporte 10 guardada.'),
(5, 9, 'ERRO', '2024-04-29 08:05:00', 'Error al generar el reporte para 9.'),
(6, 8, 'REPO', '2024-05-15 14:00:00', 'Reporte generado para la programación 8.'),
(7, 4, 'CONF', '2024-05-07 09:30:00', 'Programación de reporte 4 guardada.'),
(8, 5, 'REPO', '2024-04-30 19:00:00', 'Reporte generado para la programación 5.'),
(9, 12, 'ERRO', '2024-04-23 10:00:00', 'Error al generar el reporte para 12.'),
(10, 11, 'CONF', '2024-04-14 11:00:00', 'Programación de reporte 11 guardada.'),
(11, 15, 'REPO', '2024-04-19 15:00:00', 'Reporte generado para la programación 15.'),
(12, 6, 'ERRO', '2024-04-21 12:00:00', 'Error al generar el reporte para 6.'),
(13, 7, 'CONF', '2024-04-01 18:00:00', 'Programación de reporte 7 guardada.'),
(14, 13, 'REPO', '2024-04-03 09:00:00', 'Reporte generado para la programación 13.'),
(15, 14, 'CONF', '2024-04-27 17:00:00', 'Programación de reporte 14 guardada.');

INSERT INTO Archivo_Reporte (id_Archivo_Reporte, id_Reporte_Ref, nombre_Archivo, formato_Archivo, ubicacion_Archivo ) VALUES
  (1, 2, 'Reporte_Capacitacion_Induccion.pdf', 'PDF', '/archivos/rep001.pdf'),
(2, 3, 'Reporte_Incidencia_Leve.xlsx', 'EXC', '/archivos/rep002.xlsx'),
(3, 4, 'Reporte_Inspeccion_Almacen.csv', 'EXC', '/archivos/rep003.xlsx'),
(4, 5, 'Reporte_Capacitacion_Manejo.pdf',  'PDF', '/archivos/rep004.pdf'),
(5, 9, 'Reporte_CuasiAccidente_Moderado.docx', 'EXC', '/archivos/rep005.xlsx'),
(6, 10, 'Reporte_Inspeccion_Linea1.pdf',  'PDF', '/archivos/rep006.pdf'),
(7, 11, 'Reporte_Capacitacion_PrimerosAuxilios.xlsx', 'EXC', '/archivos/rep007.xlsx'),
(8, 12, 'Reporte_CondicionInsegura.csv', 'EXC', '/archivos/rep008.xlsx'),
(9, 1, 'Reporte_Inspeccion_Oficinas.docx',  'PDF', '/archivos/rep009.pdf'),
(10, 6, 'Reporte_Capacitacion_RiesgosElectricos.pdf',  'PDF', '/archivos/rep010.pdf'),
(11, 7, 'Reporte_Capacitacion_TrabajoAlturas.pdf',  'PDF', '/archivos/rep011.pdf'),
(12, 8, 'Reporte_CuasiAccidente_Leve_02.xlsx', 'EXC', '/archivos/rep012.xlsx'),
(13, 15, 'Reporte_Inspeccion_TallerMecanico.csv',  'PDF', '/archivos/rep013.pdf'),
(14, 14, 'Reporte_Capacitacion_LOTO.docx', 'EXC', '/archivos/rep014.xlsx'),
(15, 13, 'Reporte_Accidente_Moderado_01.pdf',  'PDF', '/archivos/rep015.pdf');

INSERT INTO Destinatario_Correo (id_Destinatario, direccion_Correo, nombre_Destinatario) VALUES
  (1, 'carlos.sanchez@example.com', 'Carlos Sanchez Ruiz'),
(2, 'juan.perez@example.com', 'Jaun Perez Gomez'),
(3, 'luis.lopez@example.com', 'Luis Lopez Gavidia'),
(4, 'Pedro.castro@example.com', 'Pedro Castro Encarnacion'),
(5, 'javier.fernandez@example.com', 'Javier Fernandez Perez'),
(6, 'isabel.garcia@example.com', 'Isabel Garcia Martinez'),
(7, 'Elena.hernandez@example.com', 'Elena Hernandez Gomez'),
(8, 'raquel.sanchez@example.com', 'Raquel Sanchez Ramos'),
(9, 'sergio.gutierrez@example.com', 'Sergio Gutierrez Cordova');

INSERT INTO Programacion_Envio_Automatico (id_Programacion_Envio, frecuencia_Envio, area_Trabajo_Filtro_Envio, fecha_Inicio_Envio, fecha_Fin_Envio, hora_Inicio_Envio, hora_FinEnvio, estado_Reporte_Filtro_Envio, id_Destinatario_Ref ) VALUES
  (1, 'MEN', 'Lavanderia Industrial', '2024-04-08', '2024-05-09', '09:00:00', '09:30:00', 'PEN', 1),
(2, 'DIA', 'Planta de tratamiento de agua', '2024-04-08', '2024-04-09', '11:00:00', '12:00:00', 'FIN', 2),
(3, 'SEM', 'Cocina Cnetral', '2025-05-09', '2025-05-16', '15:00:00', '16:00:00', 'ACT', 3),
(4, 'DIA', 'Almacen', '2025-05-01', '2025-05-02', '12:00:00', '13:00:00', 'FIN', 4),
(5, 'SEM', 'Cocina Central', '2025-04-28', '2025-05-05', '16:00:00', '17:00:00', 'PEN', 5),
(6, 'MEN', 'Area de Residuos Solidos', '2024-05-01', '2024-06-01', '10:00:00', '11:00:00', 'PEN', 6),
(7, 'DIA', 'Lavanderia Industrial', '2025-05-01', '2025-05-02' , '17:00:00', '17:30:00', 'FIN', 7),
(8, 'SEM', 'Cocina Central', '2025-05-05', '2025-05-12', '08:00:00', '09:00:00', 'ACT', 8),
(9, 'MEN', 'Almacen', '2025-04-01', '2025-05-01', '14:00:00', '15:00:00', 'ACT', 9);

INSERT INTO ProgramaCapacitacion VALUES
  ('PRG00001', 'Programa 1', 'AGE', 2024),
  ('PRG00002', 'Programa 2', 'NAG', 2024),
  ('PRG00003', 'Programa 3', 'AGE', 2024),
  ('PRG00004', 'Programa 4', 'AGE', 2026),
  ('PRG00005', 'Programa 5', 'AGE', 2026),
  ('PRG00006', 'Programa 6', 'NAG', 2024),
  ('PRG00007', 'Programa 7', 'AGE', 2024),
  ('PRG00008', 'Programa 8', 'AGE', 2024),
  ('PRG00009', 'Programa 9', 'AGE', 2026),
  ('PRG00010', 'Programa 10', 'AGE', 2026),
  ('PRG00011', 'Programa 11', 'NAG', 2024),
  ('PRG00012', 'Programa 12', 'NAG', 2026),
  ('PRG00013', 'Programa 13', 'NAG', 2024),
  ('PRG00014', 'Programa 14', 'AGE', 2026),
  ('PRG00015', 'Programa 15', 'NAG', 2025),
  ('PRG00016', 'Programa 16', 'NAG', 2024),
  ('PRG00017', 'Programa 17', 'AGE', 2025),
  ('PRG00018', 'Programa 18', 'AGE', 2024),
  ('PRG00019', 'Programa 19', 'NAG', 2024),
  ('PRG00020', 'Programa 20', 'NAG', 2025),
  ('PRG00021', 'Programa 21', 'NAG', 2024),
  ('PRG00022', 'Programa 22', 'NAG', 2026),
  ('PRG00023', 'Programa 23', 'AGE', 2025),
  ('PRG00024', 'Programa 24', 'AGE', 2026),
  ('PRG00025', 'Programa 25', 'NAG', 2026),
  ('PRG00026', 'Programa 26', 'NAG', 2026),
  ('PRG00027', 'Programa 27', 'AGE', 2026),
  ('PRG00028', 'Programa 28', 'AGE', 2024),
  ('PRG00029', 'Programa 29', 'AGE', 2025),
  ('PRG00030', 'Programa 30', 'AGE', 2024),
  ('PRG00031', 'Programa 31', 'AGE', 2025),
  ('PRG00032', 'Programa 32', 'NAG', 2025),
  ('PRG00033', 'Programa 33', 'NAG', 2024),
  ('PRG00034', 'Programa 34', 'NAG', 2025),
  ('PRG00035', 'Programa 35', 'AGE', 2026),
  ('PRG00036', 'Programa 36', 'NAG', 2026),
  ('PRG00037', 'Programa 37', 'AGE', 2026),
  ('PRG00038', 'Programa 38', 'AGE', 2026),
  ('PRG00039', 'Programa 39', 'AGE', 2024),
  ('PRG00040', 'Programa 40', 'NAG', 2025),
  ('PRG00041', 'Programa 41', 'NAG', 2026),
  ('PRG00042', 'Programa 42', 'AGE', 2026),
  ('PRG00043', 'Programa 43', 'NAG', 2024),
  ('PRG00044', 'Programa 44', 'AGE', 2024),
  ('PRG00045', 'Programa 45', 'NAG', 2025),
  ('PRG00046', 'Programa 46', 'NAG', 2024),
  ('PRG00047', 'Programa 47', 'AGE', 2026),
  ('PRG00048', 'Programa 48', 'NAG', 2024),
  ('PRG00049', 'Programa 49', 'NAG', 2025),
  ('PRG00050', 'Programa 50', 'NAG', 2024),
  ('PRG00051', 'Programa 51', 'NAG', 2024),
  ('PRG00052', 'Programa 52', 'AGE', 2026),
  ('PRG00053', 'Programa 53', 'NAG', 2026),
  ('PRG00054', 'Programa 54', 'NAG', 2026),
  ('PRG00055', 'Programa 55', 'NAG', 2025),
  ('PRG00056', 'Programa 56', 'AGE', 2024),
  ('PRG00057', 'Programa 57', 'NAG', 2024),
  ('PRG00058', 'Programa 58', 'AGE', 2024),
  ('PRG00059', 'Programa 59', 'AGE', 2026),
  ('PRG00060', 'Programa 60', 'AGE', 2026),
  ('PRG00061', 'Programa 61', 'NAG', 2026),
  ('PRG00062', 'Programa 62', 'AGE', 2025),
  ('PRG00063', 'Programa 63', 'NAG', 2026),
  ('PRG00064', 'Programa 64', 'NAG', 2026),
  ('PRG00065', 'Programa 65', 'NAG', 2026),
  ('PRG00066', 'Programa 66', 'AGE', 2026),
  ('PRG00067', 'Programa 67', 'AGE', 2026),
  ('PRG00068', 'Programa 68', 'NAG', 2026),
  ('PRG00069', 'Programa 69', 'NAG', 2024),
  ('PRG00070', 'Programa 70', 'NAG', 2025),
  ('PRG00071', 'Programa 71', 'AGE', 2025),
  ('PRG00072', 'Programa 72', 'AGE', 2026),
  ('PRG00073', 'Programa 73', 'NAG', 2026),
  ('PRG00074', 'Programa 74', 'AGE', 2026),
  ('PRG00075', 'Programa 75', 'AGE', 2026),
  ('PRG00076', 'Programa 76', 'NAG', 2026),
  ('PRG00077', 'Programa 77', 'AGE', 2024),
  ('PRG00078', 'Programa 78', 'NAG', 2024),
  ('PRG00079', 'Programa 79', 'AGE', 2026),
  ('PRG00080', 'Programa 80', 'NAG', 2025),
  ('PRG00081', 'Programa 81', 'AGE', 2024),
  ('PRG00082', 'Programa 82', 'NAG', 2025),
  ('PRG00083', 'Programa 83', 'AGE', 2024),
  ('PRG00084', 'Programa 84', 'AGE', 2026),
  ('PRG00085', 'Programa 85', 'AGE', 2024),
  ('PRG00086', 'Programa 86', 'NAG', 2024),
  ('PRG00087', 'Programa 87', 'AGE', 2024),
  ('PRG00088', 'Programa 88', 'NAG', 2026),
  ('PRG00089', 'Programa 89', 'AGE', 2025),
  ('PRG00090', 'Programa 90', 'NAG', 2024),
  ('PRG00091', 'Programa 91', 'AGE', 2026),
  ('PRG00092', 'Programa 92', 'NAG', 2025),
  ('PRG00093', 'Programa 93', 'NAG', 2025),
  ('PRG00094', 'Programa 94', 'NAG', 2024),
  ('PRG00095', 'Programa 95', 'AGE', 2024),
  ('PRG00096', 'Programa 96', 'AGE', 2025),
  ('PRG00097', 'Programa 97', 'AGE', 2026),
  ('PRG00098', 'Programa 98', 'AGE', 2026),
  ('PRG00099', 'Programa 99', 'AGE', 2024),
  ('PRG00100', 'Programa 100', 'AGE', 2026);

INSERT INTO SesionCapacitacion VALUES
  ('SES00001', 'PRG00081', '2025-09-07', 'North Judithbury', 'Presencial'),
  ('SES00002', 'PRG00030', '2024-10-19', 'Lake Curtis', 'Presencial'),
  ('SES00003', 'PRG00005', '2025-11-25', 'New Roberttown', 'Virtual'),
  ('SES00004', 'PRG00010', '2024-07-10', 'East William', 'Mixta'),
  ('SES00005', 'PRG00031', '2024-05-19', 'Lake Debra', 'Virtual'),
  ('SES00006', 'PRG00086', '2025-06-26', 'Robinsonshire', 'Virtual'),
  ('SES00007', 'PRG00028', '2024-12-01', 'Port Lindachester', 'Mixta'),
  ('SES00008', 'PRG00017', '2025-01-18', 'Ericmouth', 'Mixta'),
  ('SES00009', 'PRG00074', '2024-07-17', 'South Colinstad', 'Mixta'),
  ('SES00010', 'PRG00061', '2025-08-10', 'Lindsaymouth', 'Presencial'),
  ('SES00011', 'PRG00061', '2025-06-19', 'South Christianport', 'Virtual'),
  ('SES00012', 'PRG00025', '2026-02-02', 'Barbaraland', 'Presencial'),
  ('SES00013', 'PRG00013', '2024-06-03', 'Port Keith', 'Mixta'),
  ('SES00014', 'PRG00056', '2024-06-29', 'Port Craig', 'Virtual'),
  ('SES00015', 'PRG00055', '2024-11-30', 'Reidstad', 'Virtual'),
  ('SES00016', 'PRG00060', '2024-09-02', 'Michaelview', 'Mixta'),
  ('SES00017', 'PRG00007', '2025-10-26', 'New Cynthiaside', 'Mixta'),
  ('SES00018', 'PRG00084', '2025-11-16', 'East Steven', 'Mixta'),
  ('SES00019', 'PRG00013', '2024-11-24', 'Lake Mark', 'Presencial'),
  ('SES00020', 'PRG00052', '2025-12-16', 'East Lydiamouth', 'Mixta'),
  ('SES00021', 'PRG00044', '2025-03-06', 'Carlshire', 'Presencial'),
  ('SES00022', 'PRG00032', '2026-03-10', 'Jasonfort', 'Presencial'),
  ('SES00023', 'PRG00025', '2025-03-02', 'Thomasberg', 'Mixta'),
  ('SES00024', 'PRG00058', '2024-11-06', 'Juliechester', 'Presencial'),
  ('SES00025', 'PRG00055', '2026-03-27', 'Coxberg', 'Presencial'),
  ('SES00026', 'PRG00036', '2025-05-29', 'Daviston', 'Virtual'),
  ('SES00027', 'PRG00032', '2026-02-26', 'East Courtneychester', 'Presencial'),
  ('SES00028', 'PRG00057', '2025-08-05', 'South Patrickmouth', 'Mixta'),
  ('SES00029', 'PRG00013', '2025-06-13', 'Tashatown', 'Presencial'),
  ('SES00030', 'PRG00084', '2025-10-09', 'Lake Nicoleview', 'Mixta'),
  ('SES00031', 'PRG00002', '2025-12-16', 'Danielchester', 'Presencial'),
  ('SES00032', 'PRG00097', '2024-08-29', 'Smithview', 'Presencial'),
  ('SES00033', 'PRG00022', '2025-05-22', 'New Rita', 'Virtual'),
  ('SES00034', 'PRG00063', '2026-03-06', 'Meaganhaven', 'Virtual'),
  ('SES00035', 'PRG00028', '2025-08-15', 'East Nathaniel', 'Virtual'),
  ('SES00036', 'PRG00008', '2024-09-01', 'New Mariotown', 'Presencial'),
  ('SES00037', 'PRG00049', '2024-07-24', 'Natashaport', 'Presencial'),
  ('SES00038', 'PRG00050', '2024-10-31', 'East Natalieland', 'Virtual'),
  ('SES00039', 'PRG00059', '2024-07-04', 'Cabreraside', 'Virtual'),
  ('SES00040', 'PRG00055', '2025-12-14', 'East Donna', 'Mixta'),
  ('SES00041', 'PRG00094', '2025-06-30', 'West Allison', 'Mixta'),
  ('SES00042', 'PRG00085', '2025-08-13', 'Brandtside', 'Mixta'),
  ('SES00043', 'PRG00063', '2025-12-06', 'Lake Larry', 'Presencial'),
  ('SES00044', 'PRG00025', '2025-10-02', 'Samuelhaven', 'Virtual'),
  ('SES00045', 'PRG00028', '2025-04-14', 'East Jeffreymouth', 'Presencial'),
  ('SES00046', 'PRG00075', '2024-05-15', 'New Jeffrey', 'Mixta'),
  ('SES00047', 'PRG00070', '2024-06-23', 'East Carloston', 'Presencial'),
  ('SES00048', 'PRG00096', '2026-02-25', 'Chadbury', 'Virtual'),
  ('SES00049', 'PRG00008', '2024-12-01', 'Lewisberg', 'Presencial'),
  ('SES00050', 'PRG00075', '2025-11-11', 'Sanchezfort', 'Virtual'),
  ('SES00051', 'PRG00065', '2026-01-16', 'Leeville', 'Mixta'),
  ('SES00052', 'PRG00021', '2025-09-22', 'Gomezchester', 'Presencial'),
  ('SES00053', 'PRG00066', '2025-04-26', 'Lake Deniseville', 'Presencial'),
  ('SES00054', 'PRG00024', '2024-06-15', 'Chandlerville', 'Presencial'),
  ('SES00055', 'PRG00077', '2024-11-08', 'East Amanda', 'Presencial'),
  ('SES00056', 'PRG00087', '2024-08-15', 'Whitemouth', 'Presencial'),
  ('SES00057', 'PRG00052', '2024-11-09', 'South Lindseyside', 'Presencial'),
  ('SES00058', 'PRG00073', '2024-07-14', 'Lake Yvettetown', 'Presencial'),
  ('SES00059', 'PRG00075', '2024-07-10', 'East Richard', 'Mixta'),
  ('SES00060', 'PRG00006', '2025-05-07', 'Port Richard', 'Mixta'),
  ('SES00061', 'PRG00011', '2024-06-13', 'South Aaron', 'Virtual'),
  ('SES00062', 'PRG00085', '2025-02-26', 'Saramouth', 'Mixta'),
  ('SES00063', 'PRG00073', '2024-12-06', 'Hortonside', 'Mixta'),
  ('SES00064', 'PRG00041', '2025-09-25', 'Mooreport', 'Virtual'),
  ('SES00065', 'PRG00027', '2024-10-15', 'New Jillton', 'Mixta'),
  ('SES00066', 'PRG00092', '2025-11-30', 'Brianshire', 'Virtual'),
  ('SES00067', 'PRG00031', '2025-05-04', 'North Susan', 'Virtual'),
  ('SES00068', 'PRG00051', '2024-06-30', 'North Brooke', 'Presencial'),
  ('SES00069', 'PRG00086', '2025-10-05', 'South David', 'Mixta'),
  ('SES00070', 'PRG00039', '2026-03-21', 'New Brooke', 'Virtual'),
  ('SES00071', 'PRG00041', '2025-08-23', 'South Dianeshire', 'Presencial'),
  ('SES00072', 'PRG00002', '2025-06-09', 'Sarahborough', 'Virtual'),
  ('SES00073', 'PRG00080', '2025-10-01', 'Johnfurt', 'Mixta'),
  ('SES00074', 'PRG00013', '2024-08-08', 'Stephenland', 'Presencial'),
  ('SES00075', 'PRG00069', '2024-05-06', 'Howellshire', 'Presencial'),
  ('SES00076', 'PRG00065', '2024-07-15', 'New Jasonview', 'Virtual'),
  ('SES00077', 'PRG00017', '2024-08-09', 'Nicolebury', 'Virtual'),
  ('SES00078', 'PRG00009', '2025-02-10', 'Ericside', 'Presencial'),
  ('SES00079', 'PRG00048', '2025-10-27', 'Cherylhaven', 'Virtual'),
  ('SES00080', 'PRG00021', '2024-05-05', 'Sarahville', 'Virtual'),
  ('SES00081', 'PRG00070', '2026-04-28', 'West Darrell', 'Mixta'),
  ('SES00082', 'PRG00039', '2024-07-21', 'West Juan', 'Mixta'),
  ('SES00083', 'PRG00084', '2024-10-09', 'Jamesview', 'Mixta'),
  ('SES00084', 'PRG00002', '2025-05-26', 'Kington', 'Mixta'),
  ('SES00085', 'PRG00071', '2024-07-09', 'Calderonton', 'Virtual'),
  ('SES00086', 'PRG00085', '2024-05-01', 'Kellieview', 'Presencial'),
  ('SES00087', 'PRG00018', '2024-09-01', 'Arnoldchester', 'Virtual'),
  ('SES00088', 'PRG00015', '2025-07-08', 'North Charlesberg', 'Presencial'),
  ('SES00089', 'PRG00096', '2025-06-26', 'Port Mikeside', 'Mixta'),
  ('SES00090', 'PRG00020', '2024-08-22', 'Andersonport', 'Virtual'),
  ('SES00091', 'PRG00037', '2025-02-06', 'West Jasonbury', 'Mixta'),
  ('SES00092', 'PRG00027', '2025-09-29', 'West Kimberlychester', 'Mixta'),
  ('SES00093', 'PRG00044', '2025-08-24', 'East Michelle', 'Presencial'),
  ('SES00094', 'PRG00088', '2026-01-10', 'South Angel', 'Mixta'),
  ('SES00095', 'PRG00034', '2025-11-22', 'Kimberlychester', 'Mixta'),
  ('SES00096', 'PRG00063', '2026-01-12', 'West Erik', 'Virtual'),
  ('SES00097', 'PRG00007', '2025-10-25', 'South Monicafort', 'Presencial'),
  ('SES00098', 'PRG00082', '2024-10-18', 'Port Samantha', 'Virtual'),
  ('SES00099', 'PRG00036', '2025-01-25', 'Loribury', 'Presencial'),
  ('SES00100', 'PRG00001', '2024-10-19', 'Lake Jamesmouth', 'Virtual');

INSERT INTO ParticipanteCapacitacion VALUES
  ('PAR00001', 'SES00099', 1, 'Asistió'),
  ('PAR00002', 'SES00082', 2, 'Ausente'),
  ('PAR00003', 'SES00021', 3, 'Ausente'),
  ('PAR00004', 'SES00071', 4, 'Ausente'),
  ('PAR00005', 'SES00072', 5, 'Asistió'),
  ('PAR00006', 'SES00015', 6, 'Asistió'),
  ('PAR00007', 'SES00089', 7, 'Asistió'),
  ('PAR00008', 'SES00070', 8, 'Asistió'),
  ('PAR00009', 'SES00048', 9, 'Asistió'),
  ('PAR00010', 'SES00056', 10, 'Asistió'),
  ('PAR00011', 'SES00006', 11, 'Ausente'),
  ('PAR00012', 'SES00047', 12, 'Asistió'),
  ('PAR00013', 'SES00046', 13, 'Asistió'),
  ('PAR00014', 'SES00088', 14, 'Asistió'),
  ('PAR00015', 'SES00086', 15, 'Asistió'),
  ('PAR00016', 'SES00046', 16, 'Ausente'),
  ('PAR00017', 'SES00080', 17, 'Asistió'),
  ('PAR00018', 'SES00031', 18, 'Asistió'),
  ('PAR00019', 'SES00023', 19, 'Ausente'),
  ('PAR00020', 'SES00004', 20, 'Asistió');

INSERT INTO EvaluacionCapacitacion VALUES
  ('EVA00001', 'SES00010', 1, 71.35, 'Aprobado'),
  ('EVA00002', 'SES00031', 2, 27.17, 'Desaprobado'),
  ('EVA00003', 'SES00041', 3, 89.3, 'Aprobado'),
  ('EVA00004', 'SES00011', 4, 13.84, 'Desaprobado'),
  ('EVA00005', 'SES00030', 5, 38.3, 'Desaprobado'),
  ('EVA00006', 'SES00020', 6, 70.64, 'Aprobado'),
  ('EVA00007', 'SES00009', 7, 41.49, 'Desaprobado'),
  ('EVA00008', 'SES00043', 8, 54.26, 'Desaprobado'),
  ('EVA00009', 'SES00054', 9, 6.23, 'Desaprobado'),
  ('EVA00010', 'SES00054', 10, 38.95, 'Desaprobado'),
  ('EVA00011', 'SES00099', 11, 58.41, 'Desaprobado'),
  ('EVA00012', 'SES00090', 12, 1.95, 'Desaprobado'),
  ('EVA00013', 'SES00098', 13, 57.57, 'Desaprobado'),
  ('EVA00014', 'SES00062', 14, 0.59, 'Desaprobado'),
  ('EVA00015', 'SES00046', 15, 29.86, 'Desaprobado'),
  ('EVA00016', 'SES00050', 16, 85.34, 'Aprobado'),
  ('EVA00017', 'SES00054', 17, 53.82, 'Desaprobado'),
  ('EVA00018', 'SES00095', 18, 54.61, 'Desaprobado'),
  ('EVA00019', 'SES00078', 19, 89.78, 'Aprobado'),
  ('EVA00020', 'SES00063', 20, 21.94, 'Desaprobado');

INSERT INTO MaterialCapacitacion VALUES
  ('MAT00001', 'SES00016', 'family.pptx', 'http://may-ross.net/'),
  ('MAT00002', 'SES00041', 'glass.pdf', 'http://www.white-estes.com/'),
  ('MAT00003', 'SES00096', 'American.pptx', 'http://chandler-edwards.org/'),
  ('MAT00004', 'SES00025', 'much.pptx', 'http://lee.net/'),
  ('MAT00005', 'SES00095', 'wish.mp4', 'http://jones-beck.com/'),
  ('MAT00006', 'SES00036', 'price.docx', 'https://www.mccullough.com/'),
  ('MAT00007', 'SES00013', 'interesting.pptx', 'https://www.fisher.com/'),
  ('MAT00008', 'SES00038', 'power.pptx', 'https://bass.org/'),
  ('MAT00009', 'SES00047', 'policy.pptx', 'https://ramos-lewis.info/'),
  ('MAT00010', 'SES00039', 'student.pdf', 'http://www.robertson-schultz.com/'),
  ('MAT00011', 'SES00091', 'better.pptx', 'http://drake.com/'),
  ('MAT00012', 'SES00036', 'any.pdf', 'http://atkinson.org/'),
  ('MAT00013', 'SES00007', 'day.docx', 'https://sanchez-douglas.com/'),
  ('MAT00014', 'SES00090', 'walk.pptx', 'http://thompson.net/'),
  ('MAT00015', 'SES00082', 'majority.mp4', 'http://www.bryant.net/'),
  ('MAT00016', 'SES00014', 'operation.pdf', 'https://briggs.net/'),
  ('MAT00017', 'SES00074', 'like.docx', 'http://green-wright.com/'),
  ('MAT00018', 'SES00061', 'space.mp4', 'https://www.gonzales-reeves.com/'),
  ('MAT00019', 'SES00057', 'expert.docx', 'https://miller.com/'),
  ('MAT00020', 'SES00024', 'seat.pdf', 'http://www.russell-daniels.biz/'),
  ('MAT00021', 'SES00033', 'assume.mp4', 'http://stein-silva.com/'),
  ('MAT00022', 'SES00015', 'tough.pdf', 'https://bender.biz/'),
  ('MAT00023', 'SES00052', 'tonight.mp4', 'https://www.robinson-graham.com/'),
  ('MAT00024', 'SES00010', 'improve.pdf', 'https://martin.org/'),
  ('MAT00025', 'SES00020', 'none.pptx', 'http://elliott.com/'),
  ('MAT00026', 'SES00073', 'trial.docx', 'https://www.green.com/'),
  ('MAT00027', 'SES00011', 'look.pptx', 'https://ramirez-bean.biz/'),
  ('MAT00028', 'SES00016', 'entire.mp4', 'http://curry.com/'),
  ('MAT00029', 'SES00078', 'door.pptx', 'http://www.herring.com/'),
  ('MAT00030', 'SES00100', 'pretty.mp4', 'http://www.wells.org/'),
  ('MAT00031', 'SES00058', 'yourself.mp4', 'http://scott.com/'),
  ('MAT00032', 'SES00039', 'star.mp4', 'http://lane.org/'),
  ('MAT00033', 'SES00040', 'research.pdf', 'https://gonzalez.com/'),
  ('MAT00034', 'SES00079', 'blue.pdf', 'https://www.patton.com/'),
  ('MAT00035', 'SES00098', 'authority.pptx', 'https://www.short-garcia.com/'),
  ('MAT00036', 'SES00081', 'prove.pptx', 'https://www.thompson-boyd.com/'),
  ('MAT00037', 'SES00034', 'power.pdf', 'https://petersen-vargas.com/'),
  ('MAT00038', 'SES00021', 'together.pptx', 'http://www.keith-sanchez.info/'),
  ('MAT00039', 'SES00023', 'over.pdf', 'https://snyder.com/'),
  ('MAT00040', 'SES00021', 'method.pdf', 'http://peterson-beard.com/'),
  ('MAT00041', 'SES00053', 'only.mp4', 'http://www.allen.info/'),
  ('MAT00042', 'SES00089', 'one.mp4', 'http://joseph.com/'),
  ('MAT00043', 'SES00038', 'do.pdf', 'https://www.beck-wood.net/'),
  ('MAT00044', 'SES00030', 'nice.docx', 'https://pierce.com/'),
  ('MAT00045', 'SES00091', 'enter.docx', 'http://www.lee.com/'),
  ('MAT00046', 'SES00090', 'dark.mp4', 'http://hardy-bray.net/'),
  ('MAT00047', 'SES00010', 'picture.pptx', 'https://www.phillips.com/'),
  ('MAT00048', 'SES00034', 'five.pptx', 'http://www.williams-brown.com/'),
  ('MAT00049', 'SES00055', 'save.pdf', 'http://salas.com/'),
  ('MAT00050', 'SES00070', 'manager.pptx', 'https://lopez-williams.info/'),
  ('MAT00051', 'SES00083', 'build.pptx', 'http://jones-soto.com/'),
  ('MAT00052', 'SES00035', 'civil.pptx', 'http://mcknight.net/'),
  ('MAT00053', 'SES00010', 'south.pdf', 'https://www.james.org/'),
  ('MAT00054', 'SES00022', 'laugh.docx', 'https://www.choi.com/'),
  ('MAT00055', 'SES00077', 'everything.docx', 'http://www.thompson.com/'),
  ('MAT00056', 'SES00057', 'able.pdf', 'https://wheeler.com/'),
  ('MAT00057', 'SES00060', 'scientist.docx', 'https://www.hall.org/'),
  ('MAT00058', 'SES00090', 'recently.mp4', 'http://stephens.com/'),
  ('MAT00059', 'SES00035', 'when.mp4', 'https://www.brown.org/'),
  ('MAT00060', 'SES00057', 'smile.pdf', 'https://harrison.biz/'),
  ('MAT00061', 'SES00077', 'yes.pdf', 'https://miller-williams.biz/'),
  ('MAT00062', 'SES00056', 'simple.docx', 'https://davis.org/'),
  ('MAT00063', 'SES00078', 'people.docx', 'http://williams.info/'),
  ('MAT00064', 'SES00004', 'whom.pdf', 'https://www.graham.info/'),
  ('MAT00065', 'SES00030', 'happen.pdf', 'https://santiago-hodge.com/'),
  ('MAT00066', 'SES00098', 'its.docx', 'https://landry.info/'),
  ('MAT00067', 'SES00074', 'behavior.pdf', 'https://wilson-barton.net/'),
  ('MAT00068', 'SES00098', 'thank.pptx', 'http://brown-stone.org/'),
  ('MAT00069', 'SES00061', 'something.mp4', 'https://harris.com/'),
  ('MAT00070', 'SES00036', 'within.pptx', 'https://washington.com/'),
  ('MAT00071', 'SES00075', 'security.mp4', 'http://smith.com/'),
  ('MAT00072', 'SES00082', 'main.mp4', 'http://www.cantu-carter.com/'),
  ('MAT00073', 'SES00012', 'just.mp4', 'https://bryant.biz/'),
  ('MAT00074', 'SES00045', 'cut.mp4', 'http://www.barton-dickerson.com/'),
  ('MAT00075', 'SES00043', 'world.docx', 'https://www.barber-monroe.org/'),
  ('MAT00076', 'SES00086', 'receive.pdf', 'https://www.ryan-reed.net/'),
  ('MAT00077', 'SES00021', 'source.docx', 'https://kane-pollard.com/'),
  ('MAT00078', 'SES00053', 'owner.mp4', 'https://www.williams-garner.biz/'),
  ('MAT00079', 'SES00037', 'imagine.mp4', 'http://martinez.com/'),
  ('MAT00080', 'SES00098', 'true.pdf', 'http://fox.com/'),
  ('MAT00081', 'SES00059', 'seven.pdf', 'http://booker.com/'),
  ('MAT00082', 'SES00041', 'ground.docx', 'https://www.phelps-villarreal.biz/'),
  ('MAT00083', 'SES00042', 'free.pdf', 'https://www.jones.com/'),
  ('MAT00084', 'SES00099', 'skin.mp4', 'http://hodges.com/'),
  ('MAT00085', 'SES00066', 'life.pdf', 'http://williams.com/'),
  ('MAT00086', 'SES00085', 'her.mp4', 'https://sanchez.org/'),
  ('MAT00087', 'SES00053', 'rest.pdf', 'http://www.miller.org/'),
  ('MAT00088', 'SES00025', 'result.docx', 'http://thomas.com/'),
  ('MAT00089', 'SES00080', 'reflect.mp4', 'http://byrd-moore.info/'),
  ('MAT00090', 'SES00081', 'you.mp4', 'https://hayden.com/'),
  ('MAT00091', 'SES00098', 'decide.pdf', 'https://young.com/'),
  ('MAT00092', 'SES00027', 'paper.docx', 'https://spence.biz/'),
  ('MAT00093', 'SES00071', 'face.pptx', 'http://www.mcgee.com/'),
  ('MAT00094', 'SES00037', 'policy.mp4', 'https://www.lee.com/'),
  ('MAT00095', 'SES00090', 'production.mp4', 'http://www.kramer-johnson.com/'),
  ('MAT00096', 'SES00016', 'sign.pdf', 'http://www.murphy-perry.com/'),
  ('MAT00097', 'SES00081', 'cause.pptx', 'https://scott.com/'),
  ('MAT00098', 'SES00091', 'skin.pptx', 'https://www.mccarty-taylor.com/'),
  ('MAT00099', 'SES00040', 'trade.pdf', 'https://gibbs.com/'),
  ('MAT00100', 'SES00071', 'not.mp4', 'http://chambers-chambers.org/');

-- SELECT * FROM
SELECT * FROM usuarios;
SELECT * FROM induccion;
SELECT * FROM evaluacioninduccion;
SELECT * FROM participanteinduccion;
SELECT * FROM materialinduccion;
SELECT * FROM preguntasevaluacion;
SELECT * FROM posiblesrespuestas;
SELECT * FROM respuestasusuarios;
SELECT * FROM MaquinariasHerramientas;
SELECT * FROM Cronogramas;
SELECT * FROM FechaInspecciones;
SELECT * FROM InspeccionesProgramadas;
SELECT * FROM DecisionesAccionCorrectiva;
SELECT * FROM VerificacionesAccionCorrectiva;
SELECT * FROM EvidenciasInspecciones;
SELECT * FROM rol ;
SELECT * FROM permiso;
SELECT * FROM rol_permiso;
SELECT * FROM comunicado;
SELECT * FROM difusioncomunicado;
SELECT * FROM confirmacioncomunicado;
SELECT * FROM EventoHSE;
SELECT * FROM AccionCorrectiva;
SELECT * FROM VerificacionAccionesCorrectivas;
SELECT * FROM DecisionAccionesCorrectivas;
SELECT * FROM ReporteIncidencia;
SELECT * FROM ArchivoReporte;

-- TRUNCATE TABLE
TRUNCATE TABLE
  RespuestasUsuarios,
  PosiblesRespuestas,
  PreguntasEvaluacion,
  MaterialInduccion,
  ParticipanteInduccion,
  EvaluacionInduccion,
  Induccion,
  usuarios,
  EvidenciasInspecciones,
  VerificacionesAccionCorrectiva,
  DecisionesAccionCorrectiva,
  InspeccionesProgramadas,
  FechaInspecciones,
  Cronogramas,
  MaquinariasHerramientas,
  rol_permiso,
  permiso,
  rol,
  Comunicado,
  DifusionComunicado,
  ConfirmacionComunicado,
  reporte,
  reporte_Capacitacion,
  reporte_Incidencia,
  reporte_Inspeccion,
  programacion_Reporte,
  alerta_Programacion,
  archivo_Reporte,
  destinatario_Correo,
  programacion_Envio_Automatico,
  MaterialCapacitacion,
  EvaluacionCapacitacion,
  ParticipanteCapacitacion,
  SesionCapacitacion,
  ProgramaCapacitacion
RESTART IDENTITY CASCADE;
